{"cameraMode":{"drawMode":0,"name":"Shaded","section":"Shading Mode"},"sceneLighting":true,"audioPlay":false,"sceneViewState":{"m_AlwaysRefresh":false,"showFog":true,"showSkybox":true,"showFlares":true,"showImageEffects":true,"showParticleSystems":true,"showVisualEffectGraphs":true,"m_FxEnabled":true},"in2DMode":false,"pivot":{"x":2.419490098953247,"y":3.4738664627075197,"z":-11.671571731567383},"rotation":{"x":0.0017427676357328892,"y":0.9901223182678223,"z":0.01215726975351572,"w":-0.13994793593883515},"size":7.604918956756592,"orthographic":false}